<?xml version="1.0" encoding="UTF-8"?>
<!DOCTYPE mapper
  PUBLIC "-//mybatis.org//DTD Mapper 3.0//EN"
  "http://mybatis.org/dtd/mybatis-3-mapper.dtd">
<mapper namespace="com.trip.db.mybatis-mapper">
<!-- tripReivewSQL -->

	<select id="tripReview_List" resultType="tripReviewDto">
	SELECT TV_NO, TV_TEAMID, TV_TITLE, TV_DATE, TV_MODIFYDATE, TV_COUNT, TV_DELFLAG FROM TRIPREVIEW ORDER BY TV_NO
	</select>
	<select id="tripReview_Select" resultType="tripReviewDto" parameterType="int">
	SELECT * FROM TRIPREVIEW WHERE TV_NO = #{tv_no}
	</select>
	<insert id="tripReview_Insert" parameterType="tripReviewDto">
	INSERT INTO TRIPREVIEW VALUES(TRIPREVIEW_ID.NEXTVAL, #{tv_teamid}, #{tv_title}, sysdate, null, 0, 'N')
	</insert>
	<update id="tripReview_Modify" parameterType="tripReviewDto">
	UPDATE TRIPREVIEW SET TV_TITLE = #{tv_title} and TV_MODIFYDATE = sysdate WHERE TV_NO = #{TV_NO}
	</update>
	<update id="tripReview_countUpdate" parameterType="tripReviewDto">
	UPDATE TRIPREVIEW SET TV_COUNT = (SELECT TV_COUNT FROM TRIPREVIEW WHERE TV_NO = #{tv_no})+1 WHERE TV_NO = #{tv_no}
	</update>
	<delete id="tripReview_Delete" parameterType="int">
	DELETE FROM TRIPREVIEW WHERE TV_NO = #{tv_no}
	</delete>
	
<!--  tripReviewContentsSQL -->
	<select id="tripReviewContents_List" resultType="tripReviewContentsDto" parameterType="hashMap">
	SELECT * FROM TRIPREVIEW_CONTENTS WHERE TVC_TVNO = #{tvc_tvno} and TVC_DAY = #{tvc_day} ORDER BY TVC_DATE ASC
	</select>
	<select id="tripReviewContents_Select" resultType="tripReviewContentsDto" parameterType="int">
	SELECT * FROM TRIPREVIEW_CONTENTS WHERE TVC_NO = #{tvc_no}
	</select>
	<insert id="tripReviewContents_Insert" parameterType="tripReviewContentsDto">
	INSERT INTO TRIPREVIEW_CONTENTS VALUES(TRIPREVIEW_CONTENTS_ID.NEXTVAL, #{tvc_tvno}, #{tvc_day}, #{tvc_routeid}, #{tvc_reviewid}, #{tvc_contents}, #{tvc_path}, SYSDATE, NULL)
	</insert>
	<update id="tripReviewContents_Update" parameterType="tripReviewContentsDto">
	UPDATE TRIPREVIEW_CONTENTS SET TVC_CONTENTS = #{tvc_contents} and TVC_MODIFYDATE = sysdate WHERE TVC_NO = #{tvc_tvno}
	</update>
	<delete id="tripReviewContents_Delete" parameterType="int">
	DELETE FROM TRIPREVIEW_CONTENTS WHERE TVC_NO = #{tvc_tvno}
	</delete>
	
<!--  tripReviewViewSQL -->
	<select id="tripReviewView_List" resultType="tripReviewViewDto" parameterType="hashMap">
	select tv_no,tv_teamid, tv_title, tv_date, tv_count, tvc_no, tvc_path, cr_path, nvl2(tvc_path,null,nvl2(cr_path,null,'images/default.jpg')) default_path  from TRIPREIVEW_MAIN_VIEW where (tv_no, nvl(tvc_no,0)) in
	(select tv_no, max(nvl(tvc_no,0)) from TRIPREIVEW_MAIN_VIEW where tvc_path is not null or cr_path is not null group by tv_no union 
	select tv_no, max(nvl(tvc_no,0)) from TRIPREIVEW_MAIN_VIEW where tvc_path is null and cr_path is null and tv_no not in (select tv_no from TRIPREIVEW_MAIN_VIEW where tvc_path is not null or cr_path is not null group by tv_no) group by tv_no) and tv_no between #{start} and #{end} order by tv_no
	</select>
</mapper>